{
  "x": -0.12705446472369783,
  "y": 0.434320922917466,
  "z": 0.2763405395930975,
  "doc": "QUERY"
}