{
  "x": -0.10880630817784534,
  "y": -0.07323918800831611,
  "z": -0.06007253960241822,
  "doc": "New_query"
}